DoesAnybodyElse,20,hehdot,1,cos,1,asanisimasa,1,generalT,2,daaargh,1,RickVince,3,moolcool,1,rowens72,1,BarcodeNinja,1,HRP,2,Hcviolence,1,bsod550,1,cult45,1,malnourish,1,Setarkos,2,classicman,1,Gravity13,1,sassanix,1,The_Widdler,1,huntingbears,1
fffffffuuuuuuuuuuuu,10,lolocoster,1,NeonOnion,1,teraken,1,cliffwarden,1,oldpeopleburning,1,Gobuchul,1,gammerus,1,rabidm,2,MiddleSidePunk,1,hiicha,2
environment,2,rcglinsk,1,cyantist,1
hockey,2,AllianceOfNone,1,mrAsshole,1
WTF,38,TehMuffinMan,2,DrGirlfriend,2,BudMasterSess,1,FANGO,1,ohsofunny,1,EnderofDragon,1,niccamarie,1,CranberryJuice,1,cynest,1,KOM,1,av4rice,2,Firrox,2,zerro_4,1,omnilynx,1,Eugi,1,mikelieman,1,whateverfits,1,ubuwalker31,2,camopdude,1,prodeath,1,lantech,1,danceswithsmurfs,1,orivar,1,chrajohn,1,AmbitionOfPhilipJFry,1,dustydiary,1,freehunter,1,Fantasysage,4,katedahlstrand,1,eternal512,1,Masterdan,2,malayhax,1,dehrmann,1,chuckstudios,1,onedimensional,1,timbowen,1,phanboy,1,brokenarrow,2
Atlanta,1,deckone,1
MensRights,2,YesImSardonic,1,Gareth321,2
LosAngeles,2,PhilxBefore,1,btgeekboy,1
gonewild,5,farkas,1,tmpflash,1,parl,1,Fatvod,1,Sextraordinary,2
food,9,ruppster,1,TheGreenBastard2,1,medaigual,1,murphymurphy,2,---sniff---,2,Robopuppy,1,d0n7p4n1c,1,segfaultxr7,1,therealpdrake,2
photography,5,zhx,1,Tsen,1,perb123,1,hereticjoe,1,wickedcold,1
de,1,Gobuchul,1
trees,7,DrSilverworm,1,Danascot,1,lloydstation,1,Fango20,1,ddrt,1,djloreddit,1,Aldrenean,1
geek,3,knobwrangler,1,Owy2001,1,safiire,1
ILiveIn,2,mattl,1,zombieaynrand,1
GamersMarathon,1,AlLnAtuRalX,1
Marijuana,2,Berrio,1,Exponential420,1
WeAreTheMusicMakers,1,libertyordeath1,1
AskReddit,88,idhitthat,1,ModernDemagogue,1,jennnnnnn,1,rocketsurgery,1,Talesavo,1,therealjerrystaute,1,SlowBoatToHades,1,transcriptase,1,shakeyyjake,1,echofinder,1,Xavura,1,BahamianGuy,1,Qikdraw,1,dogboat,1,sierra042,1,danceswithsmurfs,1,buycurious,1,Ares__,1,resykle,1,theBelvidere,1,joshbydefault,3,log1k,1,5days,1,MoaBird,1,ygolohcysp,1,DiggaPlease,1,Rossoneri,2,reprobation,1,moonbem451,1,deiri87,1,moonflower,1,InTheGutter,1,bubbo,1,IHopeTheresCookies,1,toothravisher,1,ThorThundercock,1,thoughtdancer,1,generalT,1,kousi,1,freshpickles,1,Jshmoe630,1,imixcleaningagents,1,leahlionheart,1,develdevil,1,sophieasmith,1,ikaika,1,mdvaldosta,1,Rad777,1,Dafuzz,4,Andybaby1,1,joahw,1,tidderor,1,Setarkos,1,pute,1,MetropolisPt31,1,plaidster,1,yoodle,1,GetItTogether,1,Pea_Tear_Griffin,1,jsantos17,1,MJPana1550,1,rockchucker,1,ProjectLogic,1,daychilde,2,aznegglover,5,baronyuan,1,_oogle,3,khoury,3,puma7,1,foreverago,1,makehertalk,1,joojii,2,spokenfor,1,transfuse,1,daaargh,1,WineInACan,1,imagenda,1,monkey_fish,1,Catcall,1,fizz23,2,camopdude,1,oldpeopleburning,1,penkfiddle,1,clarkb16,1,SDAdam,1,weefreewoman,1,redette,1,GenericName100,1
zombies,1,DoctorDeath,1
Libertarian,1,SpiderJerusalem,1
sex,7,highvolt4g3,1,kidUBER,3,SpacedJ,1,CourtneyWoods,1,pipyopi,1,BigGreenYamo,1,Drax2nd,1
books,3,Kiteway,1,HRP,1,DarkSkyes,1
TwoXChromosomes,4,redreplicant,1,anutensil,1,zombieaynrand,1,monroetransfer,2
Android,2,xx3nvyxx,1,aphexmandelbrot,1
canada,3,marcusesses,1,joe90210,1,coldacid,1
entertainment,7,raouldukeesq,1,TheRiff,1,drtyfrnk,1,gratsonbad,2,yello,1,Chetan7,1,jrrl,1
wow,3,mgdmw,1,Rhinne,1,renegadeofunk,1
wikipedia,1,ambiversive,1
worldnews,10,1nfo4m3d,1,sohanlon07,1,KennyFulgencio,2,Azog,1,wootopia,1,fellowmellow,2,gngstrMNKY,1,CaptainEurope,1,sizzurp,1,RobbStark,3
math,2,B-Con,1,apathy,1
bestof,3,HardwareLust,1,fazon,1,amoeba,1
Equality,1,rsho,1
circlejerk,3,1338h4x,2,GenericName100,1,EmphasisMine,1
Economics,3,smackfu,2,stumo,1,ryanh29,1
Metal,1,ModernRonin,1
Green,1,kdot,1
news,3,Karthan,1,gaso,4,redAppleCore,1
desmoines,1,adamdecaf,1
programming,12,0x5f3759df,1,sbrown123,1,eyesee,1,metageek,3,FlySwat,3,blackkettle,1,angryundead,1,curien,1,MasonM,1,tophat02,1,mogaly,1,Forbizzle,1
relationship_advice,5,dogon2112,1,Akyu,1,Setarkos,1,merpes,1,oranges4oranges,1
pics,39,gogobrent,1,Imrightyourewrong,1,EnderofDragon,1,ddrt,2,xlamplighter,1,codefocus,1,ace586,1,toddd,1,CoAX,1,shortyeverafter,1,awesomeideas,1,ellieD,1,KMartSheriff,1,BeautifulSnowflake,1,navitatl,1,cbroberts,1,daverb,1,PrettyPrettyGood,1,Clumpy,1,xerxes92,1,Prodon,1,Estoye,1,Psythik,1,sierra042,1,tylermenezes,2,matheneyc,1,individual61,1,Tfu12,2,funknut,2,schubes,1,Fatvod,1,Solor,1,db2,1,JediExile,1,phranticsnr,1,AngryAmish,1,hypokineticman,2,izzyg,1,nevona,2
itookapicture,3,Typicalmonk,1,LegoForte,1,doubleD,1
apple,1,kd5vmo,1
Music,11,blowcarrot,1,Torquemada1970,1,BdaMann,1,HRP,1,MrPig,2,cassidoodle,1,brianriker,1,api,1,evildeadxsp,1,nevona,4,sticker14,1
linux,2,freehunter,1,arthursucks,1
tf2,1,puskunk,1
Drugs,1,slackermax,1
sports,1,ddrt,1
Guitar,1,the_argus,1
Ubuntu,1,terminusest,1
happy,1,thibit,1
PhilosophyofScience,1,sufferion,1
Christianity,6,Skyhook,1,aardvarkious,1,jgreen44,1,BlueHollow,1,adamdecaf,1,thephotoman,1
Austin,1,sailorjerry,1
obama,1,cos,1
hardware,1,plaig,3
television,1,yurdumuz,1
comics,4,djloreddit,1,Clbull,1,son-of-chadwardenn,1,bostonmolasses,1
science,5,catillyza,1,Whisper,1,Aedan91,1,dkraft,1,yourparadigm,1
offbeat,6,moonman,1,Helcionelloida,1,HazeCore,1,Fidodo,1,freehunter,1,JayDurst,1
movies,5,bbittner,1,rawbinm,1,andhelostthem,1,Wrathwilde,1,passingby,1
worstof,1,butteryhotcopporn,2
history,1,PatFlynnEire,1
videos,5,lebalove,1,aszl3j,1,manateetanam,1,NeilNeilOrangePeel,1,Tardust,1
Cooking,1,Xiol,1
gadgets,1,ZeroLovesDnB,1
australia,1,gisellehobbs,1
politics,49,Transhuman1,1,khoury,1,zxcsadfwer,1,jallen619,1,Poop_is_Food,1,elementalist,1,SoMoNoFo,6,blondbflat,1,buzzit292,1,old_snake,1,cards52ofthem,1,rcm197,1,thinkB4Uact,1,BlueRenner,4,tokyomonster,1,BrainwashedSociety99,2,throooooowaway,1,Sarkin,1,Firrox,2,FTR,1,twingecko56,1,David_ungerer,1,FANGO,1,redditer43,1,Psyqlone,1,bonnieblack,1,emkat,2,ThePsion5,2,zombieaynrand,1,electricworry,1,itsallfibs,1,murphymurphy,2,jr_reddit,1,yurbud,1,acranox,1,awesomeideas,1,bendh18,1,raouldukeesq,1,brainwashedsociety5,6,BrainwashedSociety4,1,redgrave,1,Veylis,1,Gmanskl,2,gsadamb,1,terror406,1,ChrisCaesar,1,MilkSteak,1,genericuser1,1,hseldon10,1
technology,8,Tecktonik,1,davidpack,1,ultimatt42,1,adamdecaf,1,AmbitionOfPhilipJFry,1,davemacintosh,1,ab9rf,2,nerox3,1
funny,18,Moz,1,fagga,1,EmphasisMine,1,zubenelgenubi,1,IHaveALargePenis,1,krakow057,1,Kream1,1,yellowcoward,1,Gravity13,1,Syphon8,1,mouseinahaze,1,macroman,1,pingpongpanda,1,fireduck,2,hs0o,1,flukey,1,robinone,1,DSLJohn,1
bicycling,1,campog,1
self,4,mjpboi,1,tidderor,1,playingontheseashore,1,adamdecaf,1
IAmA,35,andraekw,2,Rossoneri,1,lostinspac3,1,bluegrassgazer,1,Rad777,1,famouslongago,2,joojii,1,p2c2e,1,Nobkin,1,lou_irvin,1,frikk,1,barbados_slim,1,bluesox,1,anoutsider,2,adolfojp,1,Azog,1,artie37,1,randomredditor,1,imamonkeytoday,1,theoryofevrythng,1,epsilondelta,1,donno005,1,marshal_mellow,1,ericarlen,1,infinite,1,PMurfs,1,leahlionheart,1,PD711,1,afreemind69,1,Hcviolence,2,sandhouse,1,dreamersblues,1,vinod_the_poophead,1,Bobispis,1,subtextual,1
meetup,2,MayaKarin,1,nekoniku,1
scifi,2,megafly,1,beatnik307,1
nyc,1,Terrorpede,1
911truth,1,ShiftSurfer,1
gaming,22,uninhibited,1,S7evyn,1,TrainByte,1,Stingray88,1,iboxdinosaurs,1,pfunk17,1,fdpcpn,1,Latrunculus,1,logan_capaldo,1,mysticrudnin,1,GodOfAtheism,1,necuz,1,Psythik,1,AstronomerOfSyrinx,1,martext,1,randominate,1,Foobu,1,MuffinTopSamurai,1,randomusername9000,1,lolomfgkthxbai,2,TacoDiablo,1,SpatulaMaster,2
poker,1,anonymous7,6
Anarchism,2,cdgtheory,1,syristi,1
reddit.com,90,yobananaboy,1,jerrygofixit,2,crazykoala,1,TRBenji,1,ddrt,2,nakkh,1,EwanG,1,Zeek1,1,fcpcchairman,1,crowds,3,matthabitat,1,fuckyouripod,2,pakhed,1,PersianSean,1,NotTheDude,1,---sniff---,1,Foobu,1,ignatiusloyola,1,JediExile,1,terrylkennedy,1,Tabooyah,1,FurryHolocaust,1,wbradleyjr1,1,sohanlon07,1,bperki8,1,Geminus,1,breakbread,1,MondrosenPrime,1,EarPlugs,1,1000Steps,1,yeswecanistan,1,Gandalv,1,thaen,2,reddetter,1,cclegal,1,amesolaire,1,ThorThundercock,1,icanhazausername,1,Jshmoe630,1,memoriesofgreen,1,cowholio4,1,B-Con,1,gclary,2,4ofN,1,U____U,1,butch123,1,chroniq,2,Jury12,1,youngluck,1,simpwn,1,Exponential420,1,BeautifulSnowflake,1,caviar,1,sfultong,1,-Borfo-,1,opencarry,1,parachute44,1,mercurialsaliva,1,MarkAtWork,1,supersauce,1,rchase,1,popsyn,1,jaredburgin,2,Whisper,1,Improbability,1,ppcpunk,1,tw1,1,Stucco_x,1,Hello_Everyone,1,lumpyoatmeal,1,elvisliveson,1,Astark,1,DarkSkyes,2,ms669,1,WineInACan,1,monkey_fish,1,se2131,1,EmphasisMine,1,horacevsthespiders,1,adegatica,1,matheneyc,2,Jkwebb129,1,revamp3,1,freehunter,1,TeamDisrespect,1,monkeybreath,1,pariah78,1,merlin2232,1,FerociousImbecile,1,burntfrog,1
philosophy,2,Transceiver,1,adamdecaf,1
vegan,1,stephy_buttons,1
Physics,1,dingledog,1
space,1,Rion23,1
django,1,vvangelovski,1
atheism,14,e_h,1,Nomad559,1,n0t_5hure,1,jonpv,1,godispretend,1,-Borfo-,1,djcorndog,2,johnbentley,1,db2,1,El_Corrector,1,revamp3,3,Tames,1,nonsensepoem,4,rmeddy,1
